{"Algorithm": "lr", "_timestamp": 1709922854.8012958, "_runtime": 3.1057708263397217, "_step": 4, "Best F1 Score": 0.7641914476990197, "Best Parameters": {"classifier__C": 10, "classifier__penalty": "l1", "classifier__solver": "saga"}, "Test Accuracy": 0.7482517482517482, "Test F1 Score": 0.6666666666666666, "_wandb": {"runtime": 1}}